﻿<?xml version="1.0"?>
<doc>
<assembly>
<name>
ぼーらんだー
</name>
</assembly>
<members>
<member name="P:ぼーらんだー.Game.Enemys">
	<summary>
 敵
 </summary>
</member><member name="P:ぼーらんだー.Game.MyRect">
	<summary>
 自分
 </summary>
</member><member name="P:ぼーらんだー.My.Resources.Resources.ResourceManager">
	<summary>
  このクラスで使用されているキャッシュされた ResourceManager インスタンスを返します。
</summary>
</member><member name="P:ぼーらんだー.My.Resources.Resources.Culture">
	<summary>
  厳密に型指定されたこのリソース クラスを使用して、すべての検索リソースに対し、
  現在のスレッドの CurrentUICulture プロパティをオーバーライドします。
</summary>
</member><member name="P:ぼーらんだー.My.Resources.Resources.GameOverMessage">
	<summary>
  Lv.{0} で力尽きました。

終了します。 に類似しているローカライズされた文字列を検索します。
</summary>
</member><member name="P:ぼーらんだー.My.Resources.Resources.StartMessage">
	<summary>
  開始します。 に類似しているローカライズされた文字列を検索します。
</summary>
</member><member name="T:ぼーらんだー.My.Resources.Resources">
	<summary>
  ローカライズされた文字列などを検索するための、厳密に型指定されたリソース クラスです。
</summary>
</member>
</members>
</doc>